Key,Value
Dicionário de Termos Nordestinos,Palavras e expre ssões nordestinas pesquisadas e dicionarizadas pelo  paraibano de Campina Grande e 
 1 Dicionário de Termos Nordestinos,Palavras e expre ssões nordestinas 
A PULSO,À força. Contra a vontade 
ABESTADO,Otário. Tolo 
ABESTALHADO,Otário. Tolo 
ABIROBADO,Maluco. 
ABISCOITADO,"Maluco, desorientado. "
ABUFELAR,"Agarrar pela gola, agredir. "
ABULETADO,Pessoa que ocupou um espaço tomou conta  do 
ACUNHAR,Chegar junto. 
ADULAR,"Agradar, bajular. Fazer a vontade de algué m "
AFEIÇOADO,"Pessoa bem aparentada (bonita, arrumada ); "
AGONIADO,"Aflito, afobado, amargurado, angustiado,  apressado, "
AI DENTO,Resposta a qualquer provocação. 
AJEGADO,Quem tem pênis grande. 
ALDEOTA,e seguramente o maior bairro informal do País. Os 
ALFININ,Espécie de rapadura. 
ALPERCATA,Sandália de couro. 
ALTEAR,Aumentar o volume do som. Subir algo. 
ALUMIAR,Iluminar. Projetar luz sobre algo ou algu ém. 
AMANCEBADO,"Amigado, aquele que vive maritalmente com outra. "
AMARELO QUEIMADO,Cor laranja. 
AMOLEGAR,Apalpar ou apertar um corpo mole ou uma parte dele. 
AMOSTRADO,Quem mostra que tem dinheiro ou poder. 
ANDE TONHA!,Expressão popular que indica o ato se xual. 
APERREAR,Encher o saco. 
APETRECHADA,Dotada de beleza física. 
APOIS,Expressão de concordância. 
APOQUENTAR,"Aborrecer, azucrinar, chatear. "
APRUMADO,"Arrumado, bem vestido, bonito, de bons m odos. "
ARENGA,Briga 
ARIADO,Desnorteado 
ARIAR A FIVELA,"Dançar apertado, ralabucho. "
ARRE EGUA!,Interjeição que pode significar qualqu er coisa a 
ARRIBAR,Ir embora. ARROCHADO – Valentão. 
ARROTO DE CU ,Peido. 
ARRUDIAR,Dar a volta. 
ÁS DE COPAS,Ânus. Cú. 
ASSUSTADO,Baile caseiro programado pelos jovens n a casa de 
ATAIAR,Atalhar. Ir por um caminho mais curto 
ATARENTADO,"Aperriado, desnorteado, perdido. "
AVALIE,Imagine. 
AVEXADO,Apressado. 
AZUADO,Alguém desligado. 
BAE DE CUIA,"No jogo de futebol, corresponde a len çol. "
BAITINGA,"Tratamento informal entre velhos amigos,  no sentido "
BAITOLA,Viado. (A palavra tem origem na construçã o da primeira 
BAIXA DA ÉGUA,Lugar distante. 
BALAÇAR A TANAJURA,Dançar. 
BALAIO,"Cesto feito de cipó ou palha, sem alça. "
BALDEAR,Perturbar. 
BALEADEIRA,"Baladeira, atiradeira, bodoque, estili ngue. "
BAMBA,Cambaleante. Sem equilíbrio. 
BANANA,Parte do boi conhecida no Sudeste do Brasi l como 
BANANA-PRATA,Banana-branca. 
BANCA,Aula particular fora do curso regular. Refo rço escolar 
BANDA,"Lado, parte lateral, pedaço. "
BANGÜÊ,Caixa retangular com 4 cabos de madeira pa ra transporte 
BANHO DE ASSEIO,Banho em que a pessoa lava apenas  os 
BANHO SAPECADO,Banho rápido e incompleto. 
BARNEI,(bá) Pessoa nova no lugar. 
BARRÃO,Porco novo usado como reprodutor. 
BARREADO,"Confuso, sem saber o que fazer ou o que dizer. "
BASCULANTE,Vitrô. 
BATATA-DO-REINO,Batata.  
BATENTE,Obstáculo de madeira ou concreto construí do no chão 
BATER A CAÇULETA,Morrer. 
BATER FÔFO,Não cumprir um compromisso. 
BATER SETE FREGUESIAS,Andar por vários lugares. 
BATER UMA EM INTENÇÃO DE,Masturbar-se pensando 
BATORÉ,Baixinho. 
BEBER COM FARINHA,Ingerir bebida alcoólica demais . 
BEBEU,(bébéu) Boneca de pano. 
BEIÇO,Lábio 
BEIJU,Biju. Guloseima feita com massa de mandioca . Há quatro 
 2 BEM-EMPREGADO,Bem-feito! Frase usada para dizer q ue o 
BEREU,Zona; baixo meretrício; cabaré. 
BESTAR,Bobear. 
BEXIGA,Coisa ruim. 
BEXIGUENTO,Pessoa que não presta. 
BEZERRO,"Contração voluntária ou involuntária na v agina, "
BIBOCA,"Beco ou lugar estranho. Lugar apertado, es condido, "
BICA,"Calha, canal ou tubo em forma de meia cana p ara escorrer a "
BICADA,Dose normalmente de cachaça 
BICHINHO,Forma carinhosa de chamar um animal ou u ma pessoa 
BICO,Chupeta. 
BIGU,"Carona, condução gratuita. "
BIJU,Beiju. Guloseima feita com massa de mandioca . Há quatro 
BILA,Bola de gude. 
BILOTO,Botão. 
BIMBA,Pênis de criança. Pênis pouco desenvolvido.  
BIQUEIRA,Calha para escorrer a água da chuva. 
BIQUEIRO,Que come pouco. 
BISCATEIRA,Prostituta. 
BISNAGA,Pão comprido de forma cilíndrica e com as  pontas finas. 
BOCA QUENTE,Lugar perigoso. 
BOCA-BANCA,Atitude boçal. 
BOCA-DE-SUBACO,"Pessoa muito calada, bicho do mato . "
BOCA-DE-TRAMELA,Pessoa que fala muito. 
BOÇAL-BANQUISTA,Pessoa pedante. 
BOCAPIO,1. Sacola grande feita com palha. 2. Atra so na vida. 
BOCÓ,"Bobo, tolo. "
BODOSO,"Bacana, arrumado. "
BOGA,Ânus. 
BOGAR,Surgimento de uma bolha na pele. 
BOI,"Menstro (A mulher tá de boi, menstruada). "
BOLA DE ASSOPRO,"Balão, bexiga. Bola de gás usada em "
BOLA DE MARRAIA,Bola de marraio. Bola de gude. Bo linha de 
BOLA DE MARRAIO,Bola de gude. Bola de vidro usada  pelas 
BOLACHA DE GOMA,"Saquarema. Biscoito, achatado e s eco, feito "
BOLACHÃO SECO,"Biscoito feito com farinha de trigo , açúcar, sal, "
BOMBA DE BREU,Artefato pirotécnico usado nas fest as juninas. 
BORA,Vamos embora. 
BOTAR,"Colocar, pôr. "
BOTAR BANCA,"Considerar-se superior, exibir-se, va ngloriar-se. "
BOTAR CABRESTO,Controlar alguém. 
BOTAR CANGA,"Dominar, oprimir alguém. "
BOTAR NO MATO,"Descartar, jogar fora. "
BOTAR QUENTE,Agir ou falar com firmeza. 
BRANCHUR,"""Filosofo"" muito citado no Ceará. "
BREADO,"Melado, sujo. BRECHAR"
BRECHEIRO,"Indivíduo que observa pelo buraco da br echa, da "
BREFAIA,"Bagulho, porcaria. "
BREGA,Meretrício. Prostíbulo. Zona. 
BREGUESSO (BREGUÉSSO), Objeto sem valor. 
BRENHA,Lugar longe de difícil acesso. 
BRIBA,Pequena lagartixa. 
BROCHA,"Tachinha. Prego pequeno, de cabeça larga e  chata, "
BRÔCO," Amalucado, abobalhado, desorientado, escle rosado. "
BROCOIÓ,"Pessoa boba, otário, demente. "
BRUGUELO,Criança pequena. 
BUCHA,"Comida que alimenta pouco, mas pesa na barr iga. "
BUCHADA,"Comida feita com intestinos de bode, cabr ito, carneiro "
BUCHO,Barriga. 2. Pessoa muito feia. 
BUCHO CHEIO,Barriga com bebê 2. Barriga cheia de comida ou 
BUCHUDA,Gestante. 
BUFA,Peido que não faz barulho. 
BULIDA,Mulher que perdeu a virgindade. 
BULIR,"Aborrecer, brincar, caçoar, incomodar. 2. A gitar, mexer, "
BULIÇOSO,Pessoa que mexe em tudo (não passa um mi nuto sem 
BUNDEIRA,Mulher que prefere o coito anal (dar a b unda). 
BUNEQUEIRO,"Quem bota boneco (ver ""butar buneco"").  "
BURACAJU,Apelido dado à cidade de Aracaju quando está com 
BURRINHO,Garrafa de Coca-Cola cheia de cachaça. 
BUSCA-PÉ,"Artefato pirotécnico, preso a uma pequen a haste de "
CABEÇA-DE-FRADE,Obstáculo de cimento em forma de meia bola 
CABEÇA-DE-PREGO,Furúnculo. 
CABELUDO,Pão-doce feito com coco. 
CABRA,"Qualquer Indivíduo. Indivíduo destemido, pr ovocador ou "
CABRA DA PESTE,"Indivíduo destemido, provocador ou  valentão. "
CABRA SAFADO,Indivíduo de atitudes incorretas. 
CABRA-MACHO,"Indivíduo destemido, provocador ou va lentão. "
CABRUNCO,Carbúnculo. Coisa ruim. 
CABRUNQUENTO,Coisa ou pessoa ruim. 
CAÇADOR DE ANDRÓIDE,Indivíduo que tem relações se xuais com 
CACETE-ARMADO,Bar ou restaurante pequeno com pouc o asseio 
CAFUÇÚ,"Pessoa desajeitada, mal vestida, mala. "
CAFUNDÓS DO JUDAS,Lugar distante. 
CAGADO,Sortudo. 
CAGADO E CUSPIDO,"Encarnado e esculpido. Idêntico,  igual, muito "
CAIPORA,Quem fuma muito. 
CAIR CACAU,Chover. 
CAIXA-DO-PEITO,Tórax. Cavidade torácica onde fica m os pulmões 
CAIXÃO,Caixão 1. Batente. Peça de madeira onde a porta ou janela 
CAIXA-PREGOS,"Lugar afastado, distante, de acesso difícil. "
CAJURANA,Homem vestido de mulher em festa pré-car navalesca. 
CALANGO,"Lagarto pequeno, típico do Nordeste. "
CALÇOLA,Calcinha. 
CALIFOM,Sutiã. 
CALOMBO,Inchaço na pele. 
CALUNGA,Camundongo. Rato muito pequeno. 
CAMBADA,Grupo de pessoas desprezíveis. 
CAMBAIO,Que tem as pernas arqueadas para dentro. 
CAMBALAFOICE,"Amante, namorado. "
CAMBÃO,Mulher feia. 
CAMBAPÉ,Rasteira. 
CAMBITO,Perna fina. 
CAMINHÃO DE FEIRA,"Caminhão pau-de-arara. Caminhão  coberto, "
CANELAU,"gente pobre, plebe rude. "
CANGA,Peça de madeira que une um grupo de bois pa ra o 
CANGACEIROS,Grupo folclórico que canta e dança re presentando 
CANGALHA,Suporte colocado no lombo dos animais pa ra 
CANGUINHAS,"Ávaro, mão-de-vaca, somítico. "
CANJICA,Curau. Mingau com grãos pilados de milho que se come 
CÃO CHUPANDO MANGA,"Corajoso, competente. "
CAPÃO,Frango capado. 
CAPAR O GATO,"Ir embora, fugir. "
CAPOTARIA,Oficina para conserto de estofados de c arro. 
CAPOTE,Casaco. 
CAPUCHO (CO),Sabugo. Espiga de milho sem os grãos . 
CARÃO,"Bronca, repreensão. "
CARECER,"Necessitar, precisar. "
CARITÓ,Solteirona. Mulher que envelhece sem conse guir casar. 
CARNE MOQUEADA,Carne defumada e salgada. 
CARNE-DE-SOL,"Carne de vaca, sem ossos, cortada em  tiras ou "
avermelhada do que a carne-seca.  CARNE-SECA,"Charque, jabá. Carne de vaca, sem osso s, salgada, "
CARRADA,Grande quantidade. 
CARRAPICHO,Pão doce coberto com pequenos pedaços de coco. 
CARREGADO,Pessoa complicada ou comida de difícil digestão. 
CARREGO (Ê),"1. Carga, frete. 2. Pilha elétrica. "
CARREIRA,"1. Correria, corrida veloz. 2. Fila, fil eira. trilha. "
CARROCEIRO,Condutor de carroça puxada por cavalos . 
CARTA,Habilitação. Carteira Nacional de Habilitaç ão. 
CARURU,"Creme ou pasta feita com quiabo, camarão, castanha, "
CASA-DA-PESTE,"Lugar afastado, distante, de acesso  difícil. "
CASA-DE-ANDAR,Sobrado. Casa de dois ou mais pavim entos. 
CATABÍ,Buraco na estrada (Esta estrada está cheia  de catabí) 
CATABIL,1 Buraco na pista. Acidente de terreno qu e origina o 
CATENGA,Lagartixa escura. 
CATRAIA,1. Mulher muito feia. 2. Prostituta. 
CATREVAGE,Gente cafona (isso parece um galicismo) . 
CAVACO-CHINÊS,Em São Paulo é chamado de beiju ou biju. 
CAVOUCAR,"Cavar, escavar. "
CERCAR LOURENÇO,"Arrudiar, não ir direto ao assunt o. "
CEROTO,Sujeira preta na pele devido a falta de ba nho. 
CHABOQUE,"Tampo. ""Chico deu uma topada que tirou o  chaboque "
CHABU,Falha na explosão de fogo de artifício. 
CHÁ-DE-BURRO,Canjica. Mungunzá. Mingau de milho b ranco 
CHÃ-DE-DENTRO,Coxão mole. Carne da parte interior  da coxa do 
CHÃ-DE-FORA,Coxão duro. Carne da parte exterior d a coxa do boi. 
CHAPA,Radiografia; dentadura. 
CHAPARIA,"Funilaria, lanternagem. "
CHAPEU DE TOURO,Chifre. 
CHAPULETADA,Porrada 
CHAVE,"Entrada, sinal. Primeiro pagamento na compr a de um "
CHEGA! CHEGA!,Venha rapidamente! Ajude-me! 
CHEGANÇA,Dança que representa a luta travada pelo s cristãos 
CHEI DOS PAU,Bêbado. 
CHEIRADA,Quando o jogador não acerta a bola; fura da. 
CHIBATA,"Coisa grande, pênis. "
CHIBIU,"Órgão genital feminino, buceta "
CHICOTE,"Bunda, nádegas. "
CHINFRIM,"Vagabundo, sem valor. "
CHIRINGAR,"Esguichar água ou outro líquido, jato d e liquido. "
CHOPARIA,Choperia. Local onde se serve chope. 
CHUCHAR,"Cutucar, pulsar. "
CHULIPA,Tapa na orelha com um dedo no sentido ver tical. 
CHUPÃO,Cabra que gosta de chupar pau. 
CHUPETA,Menino chorão. 
CIBAZOL,"Coisa sem valor. ""Não vale um cibazol"". "
CIENTÍFICO,Colegial. Ensino Médio. Segundo Grau. 
CISTERNA,Reservatório de água das chuvas. 
COBRINHA,Um tipo de artefato pirotécnico. 
COCADA-DE-AMENDOIM,"Pé de moleque. Doce duro, feit o com "
COCÓ,Tocaia. 
COCOREU,"Confusão, rolo. "
COITÉ,Cabaça. Cuia. 
COITEIRO,Aquele que protege ou esconde criminosos  ou 
COMBINADO,Em parceria. 
COMBROGÓ,"Cobogó. Elemento vazado de cerâmica, cim ento ou "
COMER ÁGUA,Tomar cachaça (Expressão muito usada n a Bahia). 
"COMO TATU, SÓ TEM O CASCO E O CU!","Sem nada, sem "
CORRALINDA,"Coisa linda, pessoa bonita. "
CORRER FROUXO,"Ter em abundância. ""Ali o dinheiro corre "
CORRIDO,"Apressado, expulso. "
CORUJA,"Pipa, papagaio "
COURO DE PICA,"Algo que vai e volta. ""Esse namoro e que nem "
CRANCO,Cancro. Coisa ou pessoa ruim. 
CRUZETA,Cabide para camisas e calcas. Também pode  ser 
CÚ DE CANA,Cachaceiro. 
CU-DE-BOI,Briga. Conflito. 
CU-DE-NOVELO,Pessoa que tem a bunda murcha. 
CUIA,Cabaça. 
CUMÉ?,Como é? 
CUMEEIRA,Telha em forma de meia cana usada nas pa rtes mais 
CUMELÃO,Garanhão. 
CUNHÃO,Corajoso 
CURUBAU,Ver Canelau. 
CURURU,Sapo grande. 
CUSTAR,"Demorar. ""O ônibus esta custando muito"". "
CUSTOSO,1. Algo demorado. 2.Criança manhosa. 
DA BEXIGA,1. Em grande intensidade. Ex. Estou com  uma fome da 
DA PESTE,Algo extraordinariamente bom ou ruim. 
DANAÇÃO,"Confusão, pressa, trapalhada. "
DANOU-SE,Tá perdido 
DANOU-SE!,"(ô) 1. Saiu apressado. 2. Expressa admi ração, "
DAR CHABU,"1. Dar errado, falhar. 2. Defeito em fo go de artifício. DAR COM A MÃO"
DAR FÉ DE,Perceber. 
DAR FIM,"1. Gastar, consumir. 2. Acabar, concluir,  encerrar, matar. "
DAR GASTO,"Consumir, usar. "
DAR GOSTO,"Dar prazer, ou satisfação. Ex.: A quali dade é de dar "
DAR NA FRAQUEZA,Sentir fraqueza ou moleza. 
DAR NO COURO,Conseguir fazer sexo. 
DAR O GRAU,"Caprichar. ""Pode deixar que vou dar o grau no seu "
DAR O MAIOR 10,Gostar  muito. 
DAR O PREGO,Enguiçar. 
DAR PARTE DE,Delatar. Denunciar. 
DAR TRANCO,Dar bronca. Dar carão. Repreender. 
DAR UM AGRADO,Dar uma gorjeta ou uma lembrança. 
DAR UM CARÃO,Dar uma bronca. Repreender. 
DAR UMA BARRIGADA,Defecar 
DAR UMA PRENSA,Dar uma bronca. Pressionar. 
DAR VENCIMENTO A,Dar conta do pedido ou serviço. 
DE BARRIGA,Grávida. 
DE BELEZA,(gíria) De graça. 
DE BOI,Menstruada. 
DE HOJE,Faz tempo. 
DE HOJE A OITO,Daqui a uma semana. 
DE HOJE A QUINZE,Daqui a quinze dias. 
DE LASCAR O CANO,"1. Bom demais. 2. Desagradável, "
DE PRIMEIRO,"Antes, antigamente. "
DE VEZ,Fruto em estado ideal para ser colhido. 
DEBOCHAR,"Desprezar, menosprezar, zombar. "
DEIXA DE PANTIN,Deixa de onda; Deixa de frescura (fulano está 
DEMENTE,"Indivíduo lento, lerdo, vagaroso. "
DERRADEIRO,Último. 
DESARNAR,"Desasnar. Aprender algo, ativar, avivar,  deslanchar, "
DESCABRIADO,"Desconfiado, que não confia em algo o u alguém. "
DESDROBO,Desdobro (dô) argumento pouco convincent e ou sem 
DESGRACEIRA NO CAMINHO DA FEIRA,"Confusão, lasquei ra, "
DESGRAMA,Desgraça. 
DESGRAMADO,Desgraçado. 
DESMANTELAR,"Arruinar, desarranjar, desconjuntar, desorganizar, "
DESPAMPARAR,Desgovernar. Perder o controle. 
DESTRAMBELHADO,"Atrapalhado, desajeitado, desarrum ado, "
DEU A BOBÔNICA,Encrencou; fodeu; a coisa pegou. 
DEU A GOTA SERENA,Encrencou; fodeu; a coisa pegou  
DEU MANDÚ,"Deu problema, pegou, agora fodeu "
DEU O BUTE,"Agora encrencou, nem para frente nem p ara atrás, "
DEVER,Lição de casa. Tarefa escolar feita em casa . 
DIABEISSO!,Que diabo e isso! Expressão de espanto . 
 5 DIABINHO MALUCO,Um tipo de busca-pé (artefato pir otécnico) 
DIACHO,Diabo. 
DISTRENADO,"Sem graça. ""Fica todo distrenado quand o elogiado"". "
DOR-DE-CORNO,Dor de cotovelo. Tristeza de amor. 
DOR-DE-FACÃO,Dor-de-veado. Dor pontiaguda e forte  que se 
DOR-DE-MULHER,Cólica menstrual. 
DOR-DE-VEADO,Dor-de-facão. Dor pontiaguda e forte  que se 
DOR-D'OLHOS,Dor nos olhos causada por afecções (c onjuntivite). 
DOZE HORAS,"Em Sergipe é muito usada tanto para me io-dia, "
"E FOI, FOI?",É mesmo? 
É NÃO,"Não é. O nordestino, inclusive o sergipano,  fala o verbo "
É O BRINCO,Expressão idiomática que quer dizer qu e uma coisa é 
ÉGUA,Meretriz. Prostituta. 
EITA,"(Êitcha) Eta. Palavra usada para expressar a dmiração, "
EM VISTA,Diante. 
EMBUCHADA,1. Pessoa aborrecida ou com raiva. 2. M ulher 
EMPANZINADO,Empanturrado. Com o estômago cheio de  comida. 
EMPAPADO,"Que comeu alem da conta; Ver  ""Empazinad o"" "
EMPARELHADO,Ao lado de. Lado a lado. 
EMPATA FODA,Chato que fica atrapalhando o namoro do casal. 
EMPATAR,"Atrapalhar, dificultar, perturbar. "
EMPENCADO,Acompanhado de um monte de gente. 
EMPERIQUITADO,Enfeitado demais. 
EMPESTEAR,Deixar um cheiro forte por onde passa o u fica. 
EMPRENHAR,Engravidar. 
EMPRENHAR PELOS OUVIDOS,Acreditar em fofocas. 
EMPRIQUITAR,"Cismar, não aceitar. "
ENCAFIFAR,Desconfiar. Ficar intrigado ou pensativ o. 
ENCANDEAR,"Brilhar, ofuscar. "
ENCANGADO,Indivíduo que anda sempre junto com out ro. 
ENCANGAR GRILO,"Ócio, coçar o saco "
ENCAPOTAR,Colocar capa ou casaco 
ENCARCAR,"Encalcar, calcar, apertar, comprimir, fo rçar. "
ENCARNADO,Cor vermelha 
ENCOSTADO,"1. Fora de atividade, licenciado. 2. Pr eguiçoso. "
ENCRUADO,Que fica muito tempo sem ter relações se xuais. Difícil 
ENDIREITAR,"Acertar, arrumar, consertar, corrigir,  colocar direito, "
ENFADADO,Cansado. 
ENGABELAR,"Enganar, iludir. "
ENGEAR (ENJIAR),"Engelhar, enrugar. "
ENGODO,Isca para pescar camarão. ENGOMAR
ENGROSSANTE,"Gogó. Creme ralo feito com leite, far inha de "
ENGUIAR,"(pronuncia-se a letra u) Engulhar. Sentir  ânsia, enjôo, "
ENJEITAR,"Abandonar, desprezar, recusar, rejeitar.  "
ENRICAR,Enriquecer. 
ENTERTELA,Entretela. Pano enfiado entre o forro e  o tecido de 
ENTERTELADO,"Entretelado. 1. Bem arrumado, com gra vata, com "
ENTOJADO,Farto de tanto comer. 
ENTOJAR,Enjoar. Sentir enjôo. 
ENTOJO,(tô) Enjôo de mulher grávida. 
ENTREVADO,"Paralisado, paralítico. "
ENTRONCHADO,Torto. 
ENTRONCHAR,"Desalinhar, entortar. "
ENTROU COMO UMA BUFA E SAIU COMO UM PEIDO!,Entrou  e 
ENTROUXADO,"Amontoado, bagunçado. Como uma trouxa de "
ENTUFADO,"Amuado, emburrado, zangado. "
ENVERGAR,"Curvar, vergar. "
ENXERIDO,"Atrevido, intrometido, metido, ousado. "
ERRADO,"1. Indivíduo que não age corretamente. 2. Encabulado, "
ESBREGUE,"Bronca, repreensão. "
ESCALDA-PÉS,Banho medicinal que se dá aos pés com  água bem 
ESCAMBAU,Etc 
ESCANCARAR,"Exibir, mostrar. "
ESCANGALHAR,"Arruinar, bagunçar, estragar. "
ESCAPULIR,"Escapar, fugir. "
ESCROTO,Bom de briga; cafajeste. 
ESFARRAPADO,Mal vestido. Que tem a roupa em farra pos. 
ESGARÇAR,"Abrir, desfiar o tecido. "
ESGOELAR,Gritar. 
ESMOLER,"(êsmolér) Mendigo, pedinte. "
ESPADA,"Artefato pirotécnico preso a uma haste de madeira, que é "
ESPEVITADO,"Ágil, esperto, inquieto, malandro. "
ESPIAR,"Observar, olhar, ver, verificar. "
ESPIRITADO,Escandaloso. Extrovertido. 
ESTILAR,Escorrer líquido do nariz. 
ESTRIBADO,Cheio da grana. 
ESTROVENGA,Um tipo de foice pequena de dois gumes . 
ESTRUPÍCIO,"Pessoa enrolada, mulher feia (Cambão) "
ESTUPOR BALAIO,1. Infarto. Morte. Paralisia repen tina. 2. Pessoa 
ESTUPORADO,"Estragado, gasto, em mal estado. "
ESTUPORAR,1. Consumir ou gastar muito. Desperdiça r dinheiro. 2. 
ETA-PEGA,(Êta-pêga) Expressão usada quando a pess oa se 
FALAR MAIS QUE A PRETA DO LEITE,Falar muito. 
FALAR NOME,"Falar palavrão, palavra obscena. "
FALSA-BANDEIRA,Homossexual. 
FARDA,Uniforme escolar. 
 6 FARINHA-DO-REINO,Farinha de trigo. 
FASTIO,Falta de apetite. 
FATO,Intestino de animal. 
FAZER ESPÍRITO,Fazer escândalo. 
FAZER FIO TERRA,Quando a mulher mete o dedo no fi ofo do 
FAZER HORA COM A CARA,Fazer gozação. 
FAZER MAU,"Desvirginar. ""Ele fez mal a moca"". "
FAZER MERCADINHO,Fazer compras no supermercado. 
FAZER O GOSTO,Agradar. Fazer a vontade de alguém.  
FAZER SABÃO,Sexo entre lésbicas. 
FÊ,Letra F. 
FECHICLER,Ziper. 
FECHO ECLER (ECLÉR),Zíper. 
FEIJÃO-DE-CORDA,Feijão-fradinho. Feijão verde em vagem 
FEIRA DE SULANCA,Feira de artigos baratos. Feira onde se vendia 
FEIÚRA,"Ato reprovado, erro, indignidade. "
FEOFÓ,"Ânus, (mesmo que furico, butico). "
"FI, FIO OU FILHO DA BEXIGA",Coisa ou pessoa ruim. 
"FI, FIO OU FILHO DA GOTA-SERENA",Coisa ou pessoa r uim. 
"FI, FIO OU FILHO DA MOLÉSTIA",Coisa ou pessoa ruim . 
"FI, FIO OU FILHO DA PESTE",Coisa ou pessoa ruim. 
"FI, FIO OU FILHO DE UMA ÉGUA",Filho de uma prostit uta. 
"FI, FIO OU FILHO DO CABRUNCO",Coisa ou pessoa ruim . 
"FI, FIO OU FILHO DO CRANCO",Coisa ou pessoa ruim. 
FICAR DE BOI,Menstruar. 
FICAR MAL,Ficar de mal. Cortar as relações de ami zade. 
FICHINHA,"Chapinha, tampinha. Tampa metálica usada  para lacrar "
FILHO DO CABRUNCO,"Desgraçado, maldito "
FINDAR,"Acabar, concluir, terminar. "
FITA GOMADA,Fita adesiva. 
FITEIRO,"Quiosque, banca de revista "
FOGUINHO,Afrodisíaco. 
FOI MAL,Perdão. 
FOLÓ,"Folote, frouxo, folgado, largo. "
FOLOTE,"Frouxo, gasto  "
FONICE,Avareza. 
FONO,"(fô) Ávaro, pão-duro. "
FORROBODÓ,"Confusão, algazarra, bagunça "
FRANGOTE,Adolescente 
FREGE-MOSCAS,Bar ou restaurante pequeno com pouco  asseio e 
FRESCA,Cabaré. Casa de diversões e espetáculos on de se bebe e 
FRESCAR,"Fazer uma brincadeira. ""Se zanga não, to só frescando"". "
FRESCO,"Viado, gay "
FRISO,Grampo de cabelo 
FRÔXO,Medroso 
FULERAGE,Coisa sem valor.  
FUMANDO NUMA QUENGA,Puto da vida. 
FUMBAMBENTO,Desbotado. Sem cor. 
FUNDURA,Profundidade. 
FURICAGEM,Frescura 
FUVIAR,"Fervilhar, zumbir. Zumbido produzido pelo ouvido ou por "
GABIRU,"1. Rato escuro e grande. 2. Aproveitador, espertalhão. GAIA – Chifre "
GAITADA,Gargalhada. 
GAITAR,Gargalhar. 
GAITOSO,Aquele que faz os outros rirem. 
GALA,"Esperma, sêmen. "
GALALAU,Homem alto. 
GALEGO,Loiro. 
GALETO,Frango. 
GALINHA DE CAPOEIRA,Galinha caipira. Galinha cria da em casa. 
GALINHA MATRIZ,Galinha reprodutora. Só é abatida quando deixa 
GALINHOTA,Carrinho de mão. 
GALO,Indivíduo com orgasmo rápido. 
GASGUITA,2. Pessoa que fala muito alto ou grita. 2. Mulher muito 
GASTURA,"Sensação desagradável, aflição, desconfor to, "
GATO,Instalação clandestina de eletricidade. 
GATO DE HOTEL,Diz-se das pessoas que comem todo o  que 
GATO REI,Prostituta. 
GAZEAR,Faltar à aula ou a uma obrigação para pass ear ou divertir-
GELADINHO,Sorvete caseiro embalado em saco plásti co 
GEROZ,(ó) Algeroz. Junção entre o telhado e uma p arede mais 
GIGOLETE,"Passadeira, diadema, arco. "
GOELA,Garganta. 
GOELAR,Furtar. 
GOGA,Deboche. 
GOGAR,Debochar de alguém. 
GOGO,(Gôgo) Escarro. Gosma. 
GOGÓ,Engrossante. Mingau servido em mamadeira. 
GOGUENTO,"Goguento Que expele escarro, gosma. "
GOIA,"Fim do cigarro (o mesmo que Guimba, Piola, S egunda) "
GOMA,"Cola caseira feita com água, farinha de trig o ou amido de "
GORAR,Estragar a cerveja ou o ovo. 
GORÉ,Um tipo de caranguejo miúdo. 
GORGOMILO,"Garganta, goela, princípio do esôfago. "
GOSTOSÃO,Ônibus. (denominação antiga). 
GOTA,Coisa ruim. 
GRELADO,Concentrado. 
GRETEIRO,"Indivíduo que observa pelo buraco da bre cha, da greta "
GRIZMELA,Magra. 
GRUDE,Sujeira; porcaria 
GUAIAMUM,Espécie de caranguejo de cor azul. 
GUARIBADA,Dar uma caprichada. 
GUÊ,Letra G. 
GUERREIRO,Manifestação folclórica que conta uma h istória de 
HI-FI,"(rai-fai) Música mecânica, proveniente de d isco ou fita. "
INCOMODADA,Menstruada. 
INFELIZ DA COSTELA OCA,"Sujeito chato, enjoado. "
INGEMBRADO,Torto. 
INHACA,Mal cheiro do sovaco. 
 7 INTEIRAR,Completar. 
ISPILICUTE,"Do inglês ""She's pretty cute"". Engraça dinha. "
ISPRITADO,Enfurecido. 
ISTRIPULIA,Travessura 
ISTRUIR,Desperdiçar. 
JABÁ,"Charque. Carne-seca. Carne de vaca, sem osso s, salgada, "
JABIRACA,Lenço usado no pescoço. 
JACÓ,Pão francês 
JANTE,Roda metálica que fica no centro dos pneus dos veículos. 
JERERÉ,Puçá. Rede em forma de cone com círculo de  madeira ou 
JERIMUM,Abóbora 
JI,Letra J. 
JUNIR,"Arremessar, jogar com a mão. "
LACHAR,"Lascar, rachar. "
LAMBEDOR,Xarope caseiro feito com açúcar queimado  e seiva de 
LAMINHA,Parte interna do coco verde. Também é cha mada de 
LANÇAR,Vomitar. 
LÂNDRIA,Caroço no corpo. Íngua. 
LANGANHENTO,"1- Viscoso, visguento, mole, ensebent o, grudento. "
LANGANHO,"Viscoso, visguento, mole, ensebento, gru dento. "
LANHAR,Arranhar. Cortar superficialmente o corpo em acidente ou 
LANTERNAGEM,Funilaria. Conserto na carroceria do veículo. 
LAPA,Algo grande. Pedaço grande. 
LAPADA,"1. Bofetada, chicotada. 2. De uma vez. Ex.  Beber um copo "
LARGADO,"Abandonado, desquitado, divorciado, separ ado. "
LASCADO,"Cheio de problemas, em má situação. "
LASCAR,Danificar. Prejudicar. 
LATEJAR,"Palpitar, pulsar. "
LATOMIA,Barulho. 
LATRINA,"Privada, vaso sanitário. "
LAURÇA, Pessoa feia e vestida de forma enfeitada.  (Fulana parece 
LAVA-CU,Inseto de asas transparentes. Libélula. 
LAVANDEIRA,Um tipo de pomba que o povo diz que la va as roupas 
LAVANDERIA,Tanque. Pequeno reservatório de ciment o usado 
LÉGUA,Antiga medida de distância. Tem de 6.000 a 6.600 metros. 
LEITE DE GADO,Leite de vaca. Leite não industrial izado. 
LERDO,Lento. 
LERIADO,Conversa fiada. LESEIRA
LETRECA,Cafona. 
LEVAR UM CUSCUZ,"Levar um ""fora"". Ouvir um ""não"" c omo "
LEVAR UMA TABOCA,"Levar um ""fora"". Ouvir um ""não"" como "
LIGEIRINHO,"Microônibus um pouco mais confortável,  mais rápido e "
LIGEIRO,"Ágil, rápido, veloz. Às pressas. "
LIMALHA,Um tipo de busca-pé. Artefato pirotécnico  conhecido 
LISO,A pior ofensa para um cearense. E muito mais  que uma 
LONJURA,Grande distância. 
MACACÃO,"Macaco, amarelinha. Um tipo de brincadeir a infantil. "
MACAXEIRA,Mandioca. 
MACHO REI,"cara, amigo, o meu... "
MACHUCAR,"Amassar, esmagar ou triturar alimento co m a mão ou "
MAGOAR,"Machucar, ferir. Ex. Magoei o meu dedo!. "
MAGOTE,"Bando, grupo. "
MAINHA,Mãe. 
MAIS EU,Comigo. 
MALAMANHADO,"Mal vestido, desajeitado. "
MALCASADO,Um tipo de biju (beiju) mais consistent e. É vendido 
MALDAR,Interpretar no mau sentido. 
MALETROSO,"Maletroso Indivíduo que não se veste be m, usa "
MALINAR,"Fazer travessuras, traquinagens. "
MALINO,Travesso. 
MANDIBA,Caule da planta mandioca.  
MANE BOFÃO,"Conhecido ""restauranteur"" de Fortaleza , especialista "
MANGAR,"Caçoar, enganar, gozar, iludir, sacanear, zombar. "
MANGOTE,"(ó) Engate, mangueira curta. "
MANGUÁ,Mangual. Correia para açoitar animais. 
MANGUAÇA,Cachaça 
MANIÇOBA,Folha da planta mandioca. 
MANJA,Brincadeira também conhecida como esconde-e sconde ou 
MANJELÃO,"Jambolão, jamelão. Fruta comestível que expele um "
MANJUBA,Pênis grande. 
MANOBRAR,Influenciar ou mandar em alguém. 
MANUÊ,Manauê Bolo feito com milho verde e coco. 
MAREADO,Esquecido. 
MARINETE,Denominação antiga para ônibus. 
MARIOLA,Bananada industrializada vendida em embal agem 
MARISCOMBONA,"Cambalhota, imitação de salto de gin astica "
MARMOTA,"Coisa estranha; pessoa desajeitada, enfei tada "
MAROMBA,Conjunto de vagens de feijão amarradas so bre caibros. 
MARRAIA,Bola de marraio. Bola de gude. Bola de vi dro usada 
 8 MARRETEIRO,"Enganador, trapaceiro, vigarista. "
MARUEIRO," Pessoa esperta, cheio de enrolada; "
MARUIM,Mosquito-pólvora. 
MAS TÁ!,"Expressão usada para demonstrar dúvida, d esafio, "
MASSA (GÍRIA),"Agradável, bacana, bom, bonito. "
MASSADA,Espera 
MASTIGADINHO,Um forró mais acelerado. Pronto 
MATA-FOME,Árvore que produz um tipo de noz pequen a. 
MATRACA,"Cabra que fala sem parar, o tempo todo "
MATURI,"Castanha verde, grande e mole do caju em f ormação. "
MATUTAR,Pensar. Refletir 
MÊ,Letra M. 
MEDECÊ,Máximo Divisor Comum. 
MEIOTA,Meia garrafa de cachaça. 
MELADO,Bêbado. 
MELAR,"Pegar um pedaço, um pouco, uma parte. "
MELOTO,(melôto) Sujeira. 
MEMECÊ,Mínimo Múltiplo Comum. 
MENINA,Mulher cujo nome você não lembra ou não sa be. 
MENINICE,Infância 
MENINO,Homem cujo nome você não lembra ou não sab e. 
MERCADINHO,Supermercado. 
MEROL,Bebida. 
MEU REI,"Cara, Amigo,  "
MEUZOVO,"Expressão de discórdia, uma ova. ""Juca e um político "
MICARETA,Carnaval fora de época. 
MIJÃO,Artefato pirotécnico usado durante as festa s juninas. 
MILONGA,"Conversa inútil, fiada. "
MININO REI AMARELO,Criança chata. 
MIÔLO DE POTE,Coisa sem importância. 
MISSE,Grampo para prender o cabelo. 
MOÇA,Mulher virgem. 
MOCHILA,Saco plástico para embalar mercadorias em  
MOCOTÓ,Tornozelo. 
"MOD""EU",Por minha causa. 
MODE,Modo. Por causa. Ex. Eu fui mode você. 
MOI DE CHIFRE,Corno. 
MOLAMBO,"Desajeitado, desarrumado, mal vestido. "
MOLÉSTIA,Coisa ruim. 
MONDONGO,Tornozelo. 
MORAR DE RANCHO,Morar de favor. Morar na residênc ia de 
MORTA-FOME,"Avarento, guloso, esfomeado, morto de fome, pão-"
MOSQUITO,Um tipo de busca-pé (artefato pirotécnic o) que não 
MUCUNZÁ,Mungunzá. Canjica. Chá-de-burro. Mingau d e milho 
MUITCHO,Muito. 
MULHER-DAMA,Prostituta. 
MULHER-MACHO,Lésbica ou mulher que age com firmez a. 
MUNDICA,"Gente pobre, plebe rude. "
MUNGUNZÁ,Canjica. Mingau de milho branco cozido c om leite de 
MURIÇOCA,"Mosquito, pernilongo. MUTUCA – Mosquito grande "
NA LONA,Em situação difícil. Sem dinheiro. 
NA TORA,"À força, na valentia. "
NA VERA,"Prá valer (a aposta, o jogo, agora é na v era) "
NÃO DÁ UM PREGO NUMA BARRA DE SABÃO,"Não faz nada,  e "
NÃO SE MISTURE,Diz o baiano quando alguém pisa em  uma tulha 
NÃO SEI O QUE E O QUE MAIS!,E outras coisas mais.  
NÃO VALE O QUE O GATO ENTERRA,"Imprestável, (esse cara não "
NAS BIMBOCAS,Bem longe. 
NAS CARREIRAS,Às pressas. 
NEGOÇA,Palavra usada para referir-se a algo que v ocê não lembra 
NEM SANTO ANTONHO COM GUANCHO,A coisa está difíci l 
NEM XITE!,Nem te ligo! Nem te dou atenção! 
NERA?,Não era? Expressão utilizada no fim da fras e pedindo 
NESTANTE,Neste instante. Agora a pouco. Daqui a p ouco. 
NODA,Nódoa. Mancha. Substância que mancha ou suja . 
NUM FRESQUE NAO!,Pare com essa brincadeira! 
NUM SABE?,Não sabe? Expressão utilizada no fim da  frase 
Ô PÊGA,"Ô porra, expressão de espanto, admiração. "
O ROTO FALANDO DO ESFARRAPADO,Um indivíduo que fa la 
O SUJO FALANDO DO MAL LAVADO,Um indivíduo que fal a mal 
OBRAR,"Defecar, evacuar. "
OI (ÓI),Olhe 
OI DA GOIABA,Ânus. 
OI ELA!,"Oi ela! (ói) Saudação afetuosa, típica de  Sergipe. "
OI ELE !,"Saudação afetuosa, típica de Sergipe. "
OITÃO,"Parede lateral de uma casa, erguida sobre a  linha divisória "
OITCHO,Oito. 
OITEIRO,Quintal. 
OLHAR O CAROÇO DOS OLHOS,Olhar dentro dos olhos. 
OS ANOS,Aniversário. 
OVEIRO BAIXO,Pessoa que tem a bunda baixa (arriad a). 
OXE (Ô),Oxente. 
OXENTE,Expressão usada quando a pessoa sente espa nto ou 
ÔXENTE,"O mesmo que ""EPA! "", expressão de espanto "
PÁ,Osso Omoplata. 
PACAIO,1. Cigarro de palha. 2. Maconha. 
PAÇOCA,Farofa feita com carne do sol ou carne-sec a. 
PAGAR AOS PEDAÇOS,Pagar em parcelas. 
PAGAR NA VALSA,"Pagar aos poucos, em parcelas. "
PAI D'EGUA,"Porreta, legal, bacana. "
PAIA  Paia (pá),Ruim. 
PAINHO,Pai. 
PAJEAR,"Vigiar, tomar conta de alguém. "
PALMA,"1. Uma mão cheia de bananas, geralmente de 10 a 12 "
PANÇA,"Abdome, barriga. "
PANO BRANCO,Mancha branca na pele. 
PÃO CILINDRO,"Pão sovado (de massa fina, muito bat ida). "
 9 PÃO CUIUDO,(cuiúdo)
PÃO JACÓ,Pão francês. 
PÃO SOVADO,Pão de massa fina. 
PAPA,Mingau para criança. 
PAPANGÚ,Bicho parente do lobisomem que ninguém nu nca viu e 
PAPA-VENTO,Lagarto pequeno que vive na madeira. 
PAPEIRA,Caxumba. 
PAPEL DE ENROLAR PREGO,Pessoa grosseira. 
PARA O ANO,No próximo ano. 
PARA O MÊS,No próximo mês. 
PASSADO,"Estragado, fora da validade, vencido. "
PASSAR UMA SALIVA,Mentir. 
PASSA-RAIVA,Mamão. 
PASTINHA,Franja. 
PASTORAR,"Vigiar, tomar conta. "
PATETÊ,"Melação ocorrida depois de uma festa, enxu rrada "
PÉ DE PAU,Árvore. 
PÉ DE PLANTA,Arbusto. 
PEBA (É),"De baixa qualidade, mal feito. "
PECA (Ê),1. Mulher estéril. 2. Fruta que nasce co m defeito. 
PÉ-DE-MOLEQUE,Guloseima feita com massa de puba ( mandioca) 
PÉ-DE-SERRA,Forró autêntico. 
PEDIR PENICO,Desistir. 
PÉ-DURO,1. Pessoa sem habilidade para dançar. 2. Cão sem raça 
PÊGA (ê),"Palavra usada quando a pessoa se espanta , tem uma "
PEGADO,"Colado, junto, preso, próximo, vizinho, un ido. "
PEGAR NO TOMBO,Empurrar o carro para ele funciona r. 
PEGAR O BECO,Ir embora. 
PEGAR O CAMINHO DA ROÇA,Ir embora. 
PEGAR UM VENTO,Sofrer uma hemorragia cerebral. De rrame. 
PEGAR UMA APOSTA,Fazer uma aposta. 
PEGAR UMAS CARNES,Engordar. 
PEIA,"Algo árduo, complexo, difícil. "
PEIDO-DE-VELHA,Um tipo de artefato pirotécnico us ado nas festas 
PEITAR,"Desafiar, enfrentar. "
PEITICA,Amolação 
PELAR,"Descascar, tirar a pele ou a casca. "
PELEJAR,Tentar exaustivamente. 
PENCA,"Conjunto de coisas, punhado. "
PENSO,Inclinado. Torto. 
PERE,"Espere, pare. "
PEREBA,Ferida 
PESTE,Coisa ruim. 
PETROLHEIRO,Petroleiro 
PICADO,"Sarapatel, comida feita com miúdos de boi ou carneiro "
PIÇARRA,Cascalho. Terra misturada com areia e ped ras. 
PIEGUENTO,"Pessoa ou criança que aborrece, de tant o pedir ou "
PILOMBETA,Palombeta. Manjuba. Um tipo de peixe pe queno. PIMBADA
PINAR,"Rotar, tirar sarro. "
PINCENÊ,Óculos. 
PINGONGO,"Beirada, final. "
PINGUELA,Ponte pequena ou improvisada. 
PINICAR,"Causar coceira, espetar. "
PINTA,"Pinto, pênis. "
PINTA-BRAVA,Pessoa de conduta reprovável. 
PIOLA,"Ponta de cigarro, guimba, goia, segunda "
PIROBO,"Viado, fresco, gay "
PISA,MANSO
PISTOLÃO,Um tipo de artefato pirotécnico. 
PITEU,Mulher jovem e bonita. 
PITOCA,"Pênis, pau, rola, pomba. "
PITU,Um tipo de busca-pé (artefato pirotécnico). 
POCAR,"Estourar, pipocar. "
POMBA,"Pênis, rola, pau. "
POMBA LESA,Alguém desligado. 
POR HORA,Por enquanto. 
POR VIDA,"Constantemente, sempre. "
PRA DANAR,"Muito, grande quantidade. "
PRA PESTE,"Muito, grande quantidade. Ex.: Ele gost a de pinga pra "
PRAIO,Grifa. Ferramenta usada para manusear canos  com rosca. 
PRECISÃO,Necessidade. 
PRENHA,"Prenhe, grávida. "
PRESEPADA,Palhaçada. 
PRESEPEIRA,Pessoa saliente. 
PRESEPEIO,"Espalhafatoso, escandaloso. "
PRIMO CARNAL,Primo de primeiro grau. 
PRIQUITO,Vagina. 
PUBA,Massa de mandioca fermentada. Polvilho azedo . 
PUXAR DA PERNA,Mancar ou ter problema físico. 
QUARTOS,"Cadeiras, quadris. "
QUE SÓ A PESTE,"Demais, grande quantidade. Muito. Ex. : “Lá tem "
QUEBRA-QUEIXO,Puxa-puxa. Cocada que gruda nos den tes. 
QUEBRAR A TRIPA GAITEIRA,Gargalhar sem controle. 
QUEIJO COALHO,Queijo feito de forma artesanal. 
QUEIMA RAPARIGAL!,"Grito de guerra, incentivo p/ a s meninas "
QUEIRO,"Dente siso, dente do juízo. "
QUEM COM PORCOS SE MISTURA FARELO COME!,Expressão  
QUEM GABA O SAPO É A JIA!,Pessoa que se elogia ou  elogia a 
QUENGA,"Prostituta, rapariga. "
QUENTURA,Calor. 
RACHA,"pelada, jogo de futebol. "
RACHADA,"Forma com que os baitolas se referem as m ulheres, "
 10 RADIE,Baldrame. Viga de concreto que serve de bas e para 
RAJADA,Seqüência gases exalados pelo ânus. 
RAMPA,Meretrício. Zona. 
RAMPEAR,Freqüentar a zona de prostituição. 
RAMPEIRA,"Prostituta, vagabunda. "
RANGER,(rangêr) Produzir ruído por atrito entre p artes duras. Ex. A 
RAPAPÉ,Confusão 
RAPARIGA,"Amante, meretriz, prostituta. "
RAPAZ,Palavra utilizada para dirigir-se a um home m ou a uma 
RATA,Gafe. 
RATAR,"Errar, falhar. "
RÊ,Letra R. 
REBENQUE,Chicote pequeno. 
REBOLAR NO MATO,"Jogar fora, atirar. "
REBORREIA,"Resto, coisa que não presta. "
REGRA,Menstruação. 
REIMOSO,"Carregado. ""Priquito e bom, mas e reimoso "". "
REISADO,Dança típica do período natalino em homen agem ao 
RELAR,Ralar. Tocar de leve em algo ou alguém. 
RELAR A FIVELA,(é) Dançar forró agarrado. 
REMELA,Secreção ocular. 
REMELEIXO,Requebrado 
RENCA,Grupo de pessoas. 
RENTE,Junto. 
REPARE!,Olha só! Veja só! 
RESGUARDO,Período de repouso após o parto ou uma doença. 
RESPEITE!,Expressão usada quando uma coisa e muit o boa. 
RESSONAR,Roncar. 
RÉSTIA,Sombra. 
RIO CHEIO,Pessoa que ocupa muito espaço. 
RIRRI,"Mesmo que fechicler, ziper. "
RISCA-FACA,Bar ou baile onde sempre acontecem bri gas. 
ROÇAR,"Passar junto, tocar de leve; resvalar. "
ROJÃO,Peido barulhento. 
ROLA,"Pênis, pau, cacête "
ROLETE,Pedaço de cana descascada. 
ROTO,Esfarrapado. Maltrapilho. Rasgado. 
RUA DE,"É comum o uso da preposição ""de"" depois de  ""Rua"". Ex. "
RUMAR,"Arremessar, atirar, jogar. "
SABACU,Surra. 
SABUGO,Flor do sabugueiro usada para fazer remédi o caseiro 
SACOLEJAR,"Agitar, balançar, rebolar, sacudir. "
SACUDIR,"Descartar, jogar fora. "
SALITRE,Sal do mar. 
SALSEIRO,Confusão. 
SALVA,Bandeja pequena e redonda. SAMANGO
SANGRAR,Transbordar água do açude ou tanque. 
SAPECAR,"Chamuscar, queimar, tostar, torrar. "
SARAPATEL,"Comida preparada com muito molho e miúd os (bofe, "
SARRABULHO,Comida preparada com muito molho e miú dos 
SARUÊ,Gambá. 
SE ACABAR,"Morrer, perecer. Destruir-se, esgotar-s e, exaurir-se, "
SE AMARRAR,"Demorar, dificultar. "
SE AVIAR,Apressar-se. 
SE BATER,Ter dificuldade para fazer algo. 
SE FAZER,Fingir. 
SE LASCAR,"Arrebentar-se, dar-se mal, ferrar-se, m achucar-se, "
SE LENHAR,"Lanhar-se, machucar-se, dar-se mal. "
SE ORIENTE!,Corrija-se. Tome jeito. 
SE PERDER,Engravidar solteira. Tornar-se prostitu ta. 
SE RESPEITE!,Tome vergonha! 
SE SERVIR,Usar 
SEBITE,"Criança ativa, esperta, inquieta. "
SEBOSO,"Imundo, porco, sujo. "
SECURA,"Ansiedade, desejo intenso. "
SEM FUTURO,"Mau negócio, pessoa despreparada. "
SENTIDO,"Aborrecido, magoado, melindrado, ofendido , triste. "
SENTINELA,Velório. 
SEQUILHO,Bolacha de goma. Biscoito feito com polv ilho. 
SER SERVIR DE ALGUÉM,1. Explorar alguém. 2. Estup rar.  
SI,Letra S. 
SIBITE BALEADO,"Pessoa miúda (""sibite"" e um pequen o pássaro). "
SINAL VERMELHO,Menstruação. 
SÓ O BURACO E A CATINGA,"Pessoa dismilinguida. ""El e pegou "
SÓ O MI,Diz-se de alguma coisa muito boa. 
SOPA,Ônibus. 
SOSSEGAR O FACHO,Acalmar-se. Ficar quieto. 
SULISTA,Quem nasce ou habita o Sudeste ou o Sul d o Brasil. 
SUMIE,Sumilher (ê). Sofá. 
SUSTANÇA,"Energia dos alimentos. ""Rapadura tem sus tância"". "
TÁ COM A BEXIGA,Está agitado ou irritado. 
TÁ COM A GOTA-SERENA,Está agitado ou irritado. 
TÁ COM A MOLÉSTIA,Está agitado ou irritado. 
TÁ COM A PESTE,Está agitado ou irritado. 
TÁ DE ROSCA,"Coisa difícil, demorada "
TABACO,Genital feminino (buceta) 
TABARÉU,Homem tímido ou de hábitos rústicos. 
TABAROA,Mulher tímida ou de hábitos rústicos. 
TABOCA,"1.Bambu. 2. Decepção, negativa, recusa. "
TAIEIRA,Manifestação folclórica que mescla catoli cismo com 
 11 TALAGADA,Porção de bebida que se toma de uma vez.  
TAMBORETE,Banco de madeira bem pequeno e baixo. 
TAMBORETE-DE-CABARÉ,Pessoa de baixa estatura. 
TAMBORETE-DE-PUTA,Pessoa de baixa estatura. 
TAMPO,Pedaço de pele cortada ou quase solta do co rpo. 
TANGER,"(tanjêr) 1. Espantar, expulsar. 2. Dar imp ulso. "
TANQUE,Caixa d’água. Buraco cavado no chão para e stocar água.  
TAPEAR,Enganar. 
TARECO,Mentirinha. Biscoito redondo (3 cm) feito com farinha de 
TAREFA,Unidade de área. Em Sergipe equivale a 3.0 52 metros 
TARIMBA,"Cama desconfortável, rude, simples, feita  com varas. "
TEIÚ,"Pequeno lagarto verde, com manchas negras. "
TEM É ZÉ,"E muito difícil. ""Tu ganhar de mim na si nuca? Tem E ZE "
TERMO,"Área, cidade, distrito, região. "
TERREIRO,Quintal de fazenda ou sítio. 
TESAR,Teimar. 
TESTE,Exame ou prova escolar. 
TIRAR A HONRA,Deflorar. Desvirginar. 
TIRAR O COURO,Explorar ou maltratar ou alguém. 
TIRINÊTE,"Movimentação, ocupação, sobre carregado (Fulano está "
TITELA,Peito. 
TOBA,Ânus. 
TOCAR A BOMBA,Falar mal de alguém. 
TOCO DE AMARRAR JEGUE,Pessoa de baixa estatura. 
TOLETE,Cocô em forma cilíndrica. 
TOLOQUINHO,Cocô em forma cilíndrica. 
TOMAR PRUMO,"Se corrigir, se corrigir. "
TOMAR TENÊNCIA,Tomar jeito. 
TOPAR,Tropeçar. Tocar ou chocar-se com algo ou al guém. 
TORAR,"Arrebentar, despedaçar, estourar, explodir,  quebrar com "
TORRADO,"1. Rapé, tabaco em pó para cheirar. 2. Ch eiro das "
TOUREJAR,Tourear. Namorar. Paquerar. 
TRAMELA,Pedaço de madeira que gira ao redor de um  prego. É 
TRAQUE,Peido 
TRAQUE DE BEBÉ (BÉBÉ),Palito com um pouco de pólv ora na 
TRAQUE DE MASSA,Estalo. Papel enrolado com areia e pólvora 
TRECHO,Quarteirão. 
TRISCAR,Tocar. 
TRONCHO,"Desalinhado, torto. "
TROPA,Grande quantidade de filhos ou pessoas. 
TU LA CHUPA PICA!,Você não e de nada! 
TUIA,Tulha. Monte de fezes. 
ÚLTIMO TIRO NA MACACA,Diz-se de uma mulher que co mpletou 
URUPEMBA,Arupemba. Peneira. 
USURA,"Ambição, avareza "
VAI SAIR – Diz vou chegar VARÃO,"Estrado, lastro. Grade de madeira onde se a ssenta o "
VARAPAU,Homem alto. 
VARIANTE,"Estrada alternativa, secundária. "
VEIO,"Velho. Amigo, camarada, colega. "
VELATÓRIO,Velório. Sentinela 
VELHACO,"Caloteiro, devedor, malandro. "
VENTA,Nariz. 
VERDOSO,Fruto que não está bem maduro. 
VERMINOSO,Fominha (futebol). 
VEXADO,Apressado. 
VIÇAR,"Mulher  ou animal no cio, com tesão "
VIGIE,Procure. 
VIRCHE,"Vige. Virge. Virgem Maria. Expressão de es panto, "
VISAGE,"Fantasma, aparição. "
VISAGEM,"Assombração, fantasma. "
VIU,Entendi. Está certo. O.k. 2. Entendeu? Ouviu?  
VIXE!,Virgem Maria. 
VOINHA (VÓÍNHA),Avó. 
VOINHO (VÔÍNHO),Avô. 
VÔTE,"Mesmo que ""ARRE ÉGUA"",  "
VOTE! (Ô),"Interjeição usada expressar espanto, re pulsa, surpresa. "
XEPEIRO,1. Indivíduo que vive pedindo as coisas. 2. Que vive 
XERECA,"Genital feminino, (buceta)  "
XERÉM,"Resíduo do milho que, após pilado e peneira do, permanece "
XEXEIRO,(xêi) Caloteiro. Mal pagador. 
XEXO,(ê) Seixo. Calotear. Não pagar a prostituta.   
XIBIU,(bí) Vagina. 
XIBIU DE APITO,Objeto ou pessoa que faz muito bar ulho. 
XIMÃO,Indivíduo que olha demais para a comida de outra pessoa 
XIMAR,Olhar demais para a comida de outra pessoa ou para quem 
XIMONA,Mulher que olha demais para a comida de ou tra pessoa ou 
XOTAR,"enxotar, expulsar, mandar embora.  "
XÔXO,"Franzino, miúdo. "
XUMBREGAR,"Trocar carícias íntimas. ""Se amassar"". "
YPICILONE,(ô) Letra Y. 
ZABUMBA,Dança folclórica acompanhada por tocadore s de pífanos 
ZAMBETA,De pernas tortas. Com as coxas e joelhos juntos e os 
ZAROIO,"Zarolho. Estrábico, vesgo. "
ZOADA,"Barulho, confusão, gritaria, zumbido. "
ZUADENTO,Barulhento. 
ZURUÓ,Alguém desligado. 
